child,parent,coef,r2,n_parents
roa,asset_turnover,0.4406115287152078,0.4229503096555287,2
roa,roe,0.4189661703320577,0.4229503096555287,2
